<?xml version="1.0" encoding="UTF-8"?>
<project-private xmlns="http://www.netbeans.org/ns/project-private/1">
    <editor-bookmarks xmlns="http://www.netbeans.org/ns/editor-bookmarks/2" lastBookmarkId="0"/>
    <open-files xmlns="http://www.netbeans.org/ns/projectui-open-files/2">
        <group>
            <file>file:/C:/Users/ALUMNOS_FP/Desktop/Hugo_gonzalez_reguero/endes_t4_examen_Gonzalez_Reguero_Hugo/src/endes_t4_examen_gonzalez_reguero_hugo/Endes_t4_examen_Gonzalez_Reguero_Hugo.java</file>
            <file>file:/C:/Users/ALUMNOS_FP/Desktop/Hugo_gonzalez_reguero/endes_t4_examen_Gonzalez_Reguero_Hugo/src/endes_t4_examen_gonzalez_reguero_hugo/CuentaBancaria.java</file>
            <file>file:/C:/Users/ALUMNOS_FP/Desktop/Hugo_gonzalez_reguero/endes_t4_examen_Gonzalez_Reguero_Hugo/src/refactor/DistanceCalculator.java</file>
            <file>file:/C:/Users/ALUMNOS_FP/Desktop/Hugo_gonzalez_reguero/endes_t4_examen_Gonzalez_Reguero_Hugo/src/endes_t4_examen_gonzalez_reguero_hugo/Cliente.java</file>
            <file>file:/C:/Users/ALUMNOS_FP/Desktop/Hugo_gonzalez_reguero/endes_t4_examen_Gonzalez_Reguero_Hugo/src/refactor/InterestCalculator.java</file>
            <file>file:/C:/Users/ALUMNOS_FP/Desktop/Hugo_gonzalez_reguero/endes_t4_examen_Gonzalez_Reguero_Hugo/src/refactor/Report.java</file>
        </group>
    </open-files>
</project-private>
